"","V1","V2","V3","V4","V5","V6","V7","V8","V9","V10","V11","V12","V13","V14","V15","V16","V17","V18","V19","V20","V21","V22","V23","V24","V25","V26","V27","V28","V29","V30","V31","V32","V33","V34","V35","V36","V37","V38","V39","V40","V41","V42","V43","V44","V45","V46","V47"
"1",0,-6.74237095035224e-05,0.000509529722619639,8.53960326452352e-07,-0.000610890044131729,0.000543526151707496,-0.0025866376049053,5.31357907807006e-06,-0.00174170873099744,0.000500862173543837,-0.00122475345528805,-0.000163179016019477,0.00123424840569797,-7.08750653632961e-06,-1.66085901565083e-06,5.5824529345827e-06,0.000521077935847991,0.000134454477743517,1.66041093887515e-05,-9.11899050937137e-07,0.000882954863953955,7.4002199116574e-05,0.000523288490699159,0.00167917589535982,-3.52466912456606e-06,1.35336139841513e-05,-0.00228094275886859,1.8784882769296e-06,0.000561089896011779,-3.85154741247007e-05,0.0022510142746337,0.00159479623267877,-1.48313323369287e-05,2.84925824800553e-06,-0.00152229956618211,-0.000552636899086689,-4.09899852207296e-05,1.99829400493456e-06,0.00013292044986013,-0.00044442188778282,-0.00050978626618603,-0.000181938396062176,-0.000129716989754947,-0.000136048979564762,0.00167615991721926,0.000451752669119454,-0.000299749816013772
"2",-6.74237095035224e-05,0,0.016633018578819,0.000232358945106093,-0.0275500895179048,0.0406417294802401,0.0244398528981113,0.0042279184185019,0.0107381716918629,0.0194194470196751,0.0254598816220941,-0.00109395616968566,0.0165275139352161,8.88595266435033e-06,-0.000194268805335795,-0.000490488135311384,0.0208602579767847,-0.00694825389890852,0.000301373746169453,0.000823804940706552,0.0393185432466492,0.0342738689253328,0.0369756929969336,0.0342682662242471,0.000227680766590854,-0.00059793687996379,0.0594134000797166,6.92373575286176e-05,0.0495955709785489,0.000578427428360229,0.0334867551569253,0.0326374485671743,0.00266314083269403,-0.000140817976057139,0.0395427536021722,0.047037805856756,0.000793151649721047,0.00019437515041254,0.00780395864438876,0.0287461718159281,0.0331492090377399,0.000341938460814095,0.0108218347181763,0.011636964016569,-0.019585935636889,0.00266985281842391,0.00931885133202037
"3",0.000509529722619639,0.016633018578819,0,0.00273233452017108,0.121401934147151,0.0216180115061082,0.135342121369273,0.0148668755540298,-0.03017879401748,0.0799292724270328,-0.0553361023512666,-0.0115986515516537,0.116919086443589,-0.00714884601575072,0.000903029603924743,0.00381446613571335,0.1585214165159,0.0316887312063194,0.000145251340873731,0.000610373824422084,0.0262418418042065,0.0137639863928847,0.0477219240214302,0.0430389686357966,0.000357620364053624,-0.00935797947326877,0.191720598404925,0.00317726544741115,0.139559075980634,-0.00303911806989898,-0.00291508347000891,-0.0318117534111826,-0.0010821914792678,-3.24788032721735e-05,-0.0275870643155138,0.0924636293707981,0.0160217341022748,0.000508056055015693,-0.00741398125874149,0.00714734100498404,0.0132811421074983,-0.0180804600484499,0.0267748681522835,0.0139116480276051,-0.0359622935851371,-0.0740861260499011,-0.0131475361652456
"4",8.53960326452352e-07,0.000232358945106093,0.00273233452017108,0,0.000672688385695785,-3.66329504690732e-05,0.000745527099307086,0.000120315809536642,0.00120267815079966,0.000695931070091582,0.000415789498267483,4.08410587215968e-06,0.000274373817531259,-3.03009978175339e-06,1.4402153331261e-05,2.61409118351708e-07,-0.000189856838125557,0.000197433337262964,1.65541319798734e-05,1.09662249720976e-05,0.000196853235572281,7.85167719734581e-05,-0.000229467593618526,0.000424887470072743,-1.36953516021165e-05,-1.33529683310485e-07,0.000299132476233144,8.5998085452843e-07,-0.000184193549234379,2.39309582017455e-06,0.000487257122243623,-0.000294796648095286,3.80871417831052e-05,1.64325704243851e-06,-0.00171601803886245,0.000213349276179109,1.73042847317895e-05,9.30198936544002e-07,0.000128208666656526,-0.000325429613430295,-0.000333145778101507,0.000222971660288618,0.000222832573395948,0.000175169253139984,-0.00134640846304368,-0.00015470126146111,8.03083810092531e-05
"5",-0.000610890044131729,-0.0275500895179048,0.121401934147151,0.000672688385695785,0,0.157083996440775,0.162869910535651,0.0140885920670284,0.0427935839568971,0.0717950976468975,0.0959482156784555,0.0121691637629215,-0.00371891451588402,-0.0114913750859937,0.00464290910294274,-0.00955657755051931,0.0924668853394981,0.00611063056113448,0.0026504834794272,0.00317333402413089,0.0391329798281088,0.00416221874027478,0.0384721511414838,0.0626868030304584,0.00302095346485931,-0.0114020033132833,0.239715591470574,0.00162990404190921,0.27126197752068,-0.00539606264678527,0.0069661027028598,0.0316712329811089,0.00263927439029699,-0.000311568729043366,0.129321876804913,0.145456562041693,0.0095372846269961,0.000209271172985304,0.00582017899384901,0.021396054288656,0.221049102349005,0.0811119164174552,-0.00701237258818388,0.0254260144098986,-0.0733512531946001,-0.00682284645710007,0.0166077946894525
"6",0.000543526151707496,0.0406417294802401,0.0216180115061082,-3.66329504690732e-05,0.157083996440775,0,0.0267095060445905,-0.00987798824275332,-0.0329107729358693,0.260743809043525,0.124247570738351,-0.0458380373062868,0.244212387111608,-0.0179230448609751,0.00733157986713984,-0.0192022350060101,0.0772908236490384,-0.041028467197664,-0.00803176504571912,-0.00148665941041592,0.0326702531718697,0.150878822134484,0.227126235993439,0.299383390438818,0.00563223913555255,-0.0170789870967276,0.127101460397437,0.000496200260584168,0.16125077163383,-0.024630674625258,0.331746993000107,0.319476566153039,0.00947402037000344,-0.00181284985544217,0.113513718538262,0.236973700822894,-0.0125164951241343,0.00157858390340371,0.00720726363942381,0.0192044024289668,0.0736427231170644,0.0710533035383034,-0.00238504095381842,0.0526431506143639,0.105809038196996,-0.0174781609882855,0.0255052204437005
"7",-0.0025866376049053,0.0244398528981113,0.135342121369273,0.000745527099307086,0.162869910535651,0.0267095060445905,0,0.00473405939582072,0.0737424986943562,0.0206415521172487,0.0284390867112574,0.0616722914614103,0.0803560197535944,-5.87786804229218e-05,-0.00564960174080564,-0.00583650760450194,0.118784715099853,-0.00378512960477995,-0.00605118080315226,0.0057509592867464,0.10834402871957,0.061827629965574,0.0306777280208097,-0.0519518644555719,0.00908871836995129,-0.0103810073898876,0.252854565998432,0.000199488922415725,0.226085317243204,0.0227160614880084,-0.0573128970023182,-0.0415172611141488,0.0185898483514895,0.000443613948187593,0.158437929962428,0.0328314295622416,-0.00295729200438499,0.000309620647942932,0.00478813103258435,-0.0116871309347086,0.151491513519973,0.112751949308351,0.00071856036794582,0.0232106841919375,-0.0991830940629361,-0.0169178165260266,0.0639548965363428
"8",5.31357907807006e-06,0.0042279184185019,0.0148668755540298,0.000120315809536642,0.0140885920670284,-0.00987798824275332,0.00473405939582072,0,0.00953328193441738,0.0081502571733667,0.00789456019134294,0.00247724977583719,-0.00578416948023763,-0.000123692716541335,0.000153988034936603,-8.26192158287498e-06,-0.00682425050990476,0.000507205519896026,0.000510618736440094,0.000112087874776456,0.0145920853809143,0.00109925845249181,-0.0092434512289965,-0.000356238303512058,-0.000303942546116875,6.35912725117649e-05,0.0141128594994431,5.97918292344346e-06,0.00943497168705454,0.000369686897225385,-0.00708795028233622,0.0154710427907632,0.000231008597525673,1.88789119897059e-05,-0.00682006628540321,-0.00348507184431268,0.00204295813162769,4.4659088693777e-06,0.00330794921945099,0.00451341542613548,0.00164883299866947,-0.000613088573911291,0.00540363640881747,0.00212957387413937,-0.0129056169192583,-0.00136370442772282,0.00302491937282223
"9",-0.00174170873099744,0.0107381716918629,-0.03017879401748,0.00120267815079966,0.0427935839568971,-0.0329107729358693,0.0737424986943562,0.00953328193441738,0,-0.0331990745095894,0.0345724536940759,0.0200420949246958,-0.0529017942182262,-0.00308489568589687,-0.00256062033870519,0.00225315376350643,-0.0211025545006769,-0.0117359538165354,0.00231275335559467,0.004455625595845,-0.00595557455450635,0.00412140825760554,0.0221887872076092,0.0151751763776313,0.00422994995870862,0.00380847587747946,0.0638359457863213,0.000517544807988379,0.0413391151281686,0.00773361302118492,-0.0318477568419731,-0.00951279617885348,0.00987077764310262,0.000514772504419003,0.0178310557852601,0.0190153019282571,0.010783227347765,9.72894876394292e-05,0.00135769747111869,0.0594034628732589,0.0528758567370553,0.0291309756588993,0.0405114579952368,0.024553985355749,-0.0478474279849523,-0.0174959344362797,0.0447553727259828
"10",0.000500862173543837,0.0194194470196751,0.0799292724270328,0.000695931070091582,0.0717950976468975,0.260743809043525,0.0206415521172487,0.0081502571733667,-0.0331990745095894,0,0.0708188856674541,-0.000845462916150286,0.107734650798679,0.00313689577312637,0.0104730215654452,0.000637059314663624,0.0312165223139145,0.0360464359496255,0.00267044514801995,0.00316024835199835,0.012521673487552,-0.00637040274631939,0.0686145401817546,0.13957320420748,-0.00845337024527826,-0.00159971609318443,0.100425932328953,0.00107124461877905,0.0650373871800007,-0.00464317910326573,0.148520413343168,0.101963388041605,-0.00338111576641342,-8.45682713004337e-05,-0.0287733991756545,0.1991972041716,0.0153527456284439,-0.00087194741120733,0.0221480741055506,0.00873442678271763,0.0424688308521306,0.0186214887422955,0.0335530816609677,0.0134743685446197,0.0822289576224988,-0.0376767963482725,0.00953166436444741
"11",-0.00122475345528805,0.0254598816220941,-0.0553361023512666,0.000415789498267483,0.0959482156784555,0.124247570738351,0.0284390867112574,0.00789456019134294,0.0345724536940759,0.0708188856674541,0,0.0569411623046685,0.0447379151525586,0.00298849789970479,0.00769622503803413,-0.00562779482329567,0.0234684139363415,0.0408507608659154,-0.00258037910442344,0.00126097384602675,-0.0160119175364706,0.0734507079380644,0.0967794038766345,0.00500689304467716,0.0115837386602293,-0.00199264977124081,0.129012668489696,0.00041827348849699,0.127067001726108,0.029130204034439,0.0190485240102025,0.0525883484536918,0.000318092404571146,-0.0018331452191398,0.159971064146921,0.0703658915396863,0.027437439748605,-0.00110081936445416,0.00299708459797987,0.0021718198816516,0.022581300710125,0.0201109734233937,0.0318796689683523,0.0284426764473062,-0.0828494610762252,-0.035063370239965,0.0659019398278717
"12",-0.000163179016019477,-0.00109395616968566,-0.0115986515516537,4.08410587215968e-06,0.0121691637629215,-0.0458380373062868,0.0616722914614103,0.00247724977583719,0.0200420949246958,-0.000845462916150286,0.0569411623046685,0,0.00924157862466224,0.00276183025732646,0.000467304894183229,0.00107447961000329,0.0139982405958121,0.0106587323079559,-0.000435259918422304,0.00076655085817956,0.00749027469426577,0.0102385844435471,-0.0114034464746195,-0.0253715502922898,0.00314185799061129,5.39822293639247e-05,0.0798165176558445,6.45073113991756e-05,0.0201761430370091,0.0108488204579151,-0.0543885565422091,0.00334918905543358,0.000919276735004804,-7.33072359215825e-05,0.0595540971898805,-0.0111148843959619,0.00656537944785418,-0.000136641120684899,0.00172528857059806,-0.0222174326101676,-0.024409186745411,0.00618901576996844,0.00864843285728245,0.00511074722682459,-0.0571126341361579,-0.00237529398332725,0.0283142801201426
"13",0.00123424840569797,0.0165275139352161,0.116919086443589,0.000274373817531259,-0.00371891451588402,0.244212387111608,0.0803560197535944,-0.00578416948023763,-0.0529017942182262,0.107734650798679,0.0447379151525586,0.00924157862466224,0,-0.00335507901379417,0.00116098343356885,0.00160060004730633,0.0809273237328423,0.00636940540456177,-0.000735007965391166,-0.000318269045214592,0.0280348924599969,0.0907797605575187,0.179803546906842,0.190651149728322,0.00387079005725832,-0.00882349416802475,0.088806822351843,0.00277172641767498,0.101221265930034,-0.000935727178148493,0.25218011359283,0.145741851368538,-0.00253064777300116,0.00112863077888026,0.0121872403464227,0.184485912737687,0.0035542392856085,0.000134083219893721,0.00436005107137483,-0.0421281536475373,0.0774912594306225,-0.0355712717348626,0.0109568157991089,0.00260243218028577,0.0617199192099438,-0.0412404760724798,-0.0212324749317938
"14",-7.08750653632961e-06,8.88595266435033e-06,-0.00714884601575072,-3.03009978175339e-06,-0.0114913750859937,-0.0179230448609751,-5.87786804229218e-05,-0.000123692716541335,-0.00308489568589687,0.00313689577312637,0.00298849789970479,0.00276183025732646,-0.00335507901379417,0,0.000495040664266533,-5.9942706904792e-06,0.00304922179586287,0.00230782464057988,-4.24259389060211e-05,2.49022412757149e-05,0.000352814078649732,0.0124444701429094,-0.000267488182886133,-0.0100532661162243,0.000973692956436345,0.000583947683320041,0.0120765259715689,8.0821743114079e-05,0.002813385658476,0.00419227780720632,-0.0287711545349705,-0.0215597964605623,4.55794386460262e-05,2.50888267254723e-05,0.0117119970356709,0.00242813641940609,0.00609280704556125,2.25088071381663e-06,0.00252440979667501,0.00715619124677014,-0.00724723239546865,0.000190756036517303,0.00426951875237691,0.00231158948938859,0.00316744065835017,0.000789368929920986,0.00240525967101846
"15",-1.66085901565083e-06,-0.000194268805335795,0.000903029603924743,1.4402153331261e-05,0.00464290910294274,0.00733157986713984,-0.00564960174080564,0.000153988034936603,-0.00256062033870519,0.0104730215654452,0.00769622503803413,0.000467304894183229,0.00116098343356885,0.000495040664266533,0,-1.79163436540009e-05,0.00133461200351981,0.00161961701561575,-1.02706112521389e-05,9.43355034088711e-07,-0.00076664227200407,0.000556401359487424,0.00139888208592387,0.00492565647466492,0.00130172233320192,0.000222683193154438,0.0080523185309973,0.000121945247694377,0.0108067233503486,0.00204098164606581,-0.0100141254386164,-0.00263232869697116,-4.20080603529271e-05,-1.01858393479759e-05,0.00437774686217107,0.0124945698451975,0.0040680651967131,3.10379780810166e-06,0.00319335639936336,0.00933600459352624,0.000391119194225631,-0.00208573256457401,0.0019726994146767,0.00106916820548042,0.00429029937009684,-0.00241641544215998,0.00145567738279473
"16",5.5824529345827e-06,-0.000490488135311384,0.00381446613571335,2.61409118351708e-07,-0.00955657755051931,-0.0192022350060101,-0.00583650760450194,-8.26192158287498e-06,0.00225315376350643,0.000637059314663624,-0.00562779482329567,0.00107447961000329,0.00160060004730633,-5.9942706904792e-06,-1.79163436540009e-05,0,0.00367148755681113,-0.000483603359800355,0.000477419893280207,8.3648925359725e-06,-0.000120738366037099,-0.00501713365286127,-0.010611810729761,-0.0175190468601385,-0.000225352863544526,0.000425605880082891,-0.00399606925781182,-5.46240317111923e-06,-0.00363445773813709,0.000149877941353793,-0.00447520162501736,-0.00127082480017382,0.000140570233149617,3.6744960707491e-05,-0.0056241517455482,-3.89723151750232e-05,8.55378820334707e-05,4.10252538074474e-06,0.000388028096672599,-2.41226896324775e-05,-0.00370577003579253,-0.00216250143033303,-0.000316798190752365,-0.000484623445051291,0.0223287743651808,0.00352935649089314,-0.00122254873077043
"17",0.000521077935847991,0.0208602579767847,0.1585214165159,-0.000189856838125557,0.0924668853394981,0.0772908236490384,0.118784715099853,-0.00682425050990476,-0.0211025545006769,0.0312165223139145,0.0234684139363415,0.0139982405958121,0.0809273237328423,0.00304922179586287,0.00133461200351981,0.00367148755681113,0,-0.0155310850239325,0.000686283376572838,-0.00216636950749693,0.141967298655023,0.0507526782186676,0.0465515043342828,0.0622771882396558,0.00661338859980276,-0.000786814557418136,0.0878946581699251,0.000289779086574349,0.209314101722289,0.0129196750337721,-0.0409941396576254,0.0460748464522798,0.00933000184215826,-0.000454991914811131,-0.00171635003489801,0.0519338879997733,-0.00841121317702731,0.00202173827482799,0.0261935784905289,0.0309409075182101,0.00700386179892787,0.012138725128835,0.0141629065018414,0.00127988964756787,-0.0156137690795344,-0.00890796545888017,0.0193996412308581
"18",0.000134454477743517,-0.00694825389890852,0.0316887312063194,0.000197433337262964,0.00611063056113448,-0.041028467197664,-0.00378512960477995,0.000507205519896026,-0.0117359538165354,0.0360464359496255,0.0408507608659154,0.0106587323079559,0.00636940540456177,0.00230782464057988,0.00161961701561575,-0.000483603359800355,-0.0155310850239325,0,-0.000953143912812315,0.000561659745523357,-0.00634362473088679,0.00876896761233681,0.00756668268437544,-0.00156564582604357,0.00321865626034423,0.00107147291449738,0.031862410693964,0.000264734285754464,0.00739915055086415,0.00610773730732017,0.0218698001752267,0.0335004082593873,-0.000892961261645731,2.5877343446723e-05,0.00656619813803916,0.00489663339924995,0.00568038873005339,-0.000187944506136795,0.0050102626434545,-0.0193890857257881,-0.0452478904090716,-0.00204316093657653,0.00777679757994054,-0.00137854434428908,0.0463484300421295,-0.000774209556211325,0.00961573668453308
"19",1.66041093887515e-05,0.000301373746169453,0.000145251340873731,1.65541319798734e-05,0.0026504834794272,-0.00803176504571912,-0.00605118080315226,0.000510618736440094,0.00231275335559467,0.00267044514801995,-0.00258037910442344,-0.000435259918422304,-0.000735007965391166,-4.24259389060211e-05,-1.02706112521389e-05,0.000477419893280207,0.000686283376572838,-0.000953143912812315,0,-3.1121693315761e-06,-8.64822578483526e-06,-0.00216509446127233,-0.00297051916313729,0.000580494197521375,-7.50859194766917e-05,2.44476141411099e-05,-0.00123378515450057,1.4115383907054e-05,0.00415087552032878,-0.000154422149083899,-0.00874971771013566,-0.00378839736244174,-0.000120425925760781,1.32068193021695e-05,-0.00547298930786777,-0.00171040049461002,4.07740908636711e-06,1.47316677416853e-05,0.000111011320448107,0.00436588800298443,0.00920546646753895,0.000884839313985974,0.000955511334905346,9.63605816872715e-05,0.00434900167450625,0.000903832646188985,-0.000591717456145169
"20",-9.11899050937137e-07,0.000823804940706552,0.000610373824422084,1.09662249720976e-05,0.00317333402413089,-0.00148665941041592,0.0057509592867464,0.000112087874776456,0.004455625595845,0.00316024835199835,0.00126097384602675,0.00076655085817956,-0.000318269045214592,2.49022412757149e-05,9.43355034088711e-07,8.3648925359725e-06,-0.00216636950749693,0.000561659745523357,-3.1121693315761e-06,0,0.000699217533812746,-0.0015179782446082,-0.000467392245480092,0.000834624070509271,-3.58472486894357e-05,-1.14680450855609e-05,0.00368869410402883,9.91720713550137e-07,-0.00363696652272516,5.67309292942575e-05,0.00359329557967669,0.00258344500289454,0.000171006362012172,3.42019007515404e-06,-0.00283211983659548,0.00290576993094938,9.44721674942528e-05,1.84062542540886e-07,0.0020337282911651,-0.000381137518644437,0.00202225462116834,0.00243505662871435,0.000836751756074339,2.54439628593062e-05,-4.46949938632812e-05,0.000270750507083584,0.000736785363498527
"21",0.000882954863953955,0.0393185432466492,0.0262418418042065,0.000196853235572281,0.0391329798281088,0.0326702531718697,0.10834402871957,0.0145920853809143,-0.00595557455450635,0.012521673487552,-0.0160119175364706,0.00749027469426577,0.0280348924599969,0.000352814078649732,-0.00076664227200407,-0.000120738366037099,0.141967298655023,-0.00634362473088679,-8.64822578483526e-06,0.000699217533812746,0,0.00844224636980417,0.037003769974322,0.0509100595931176,0.00263265193924944,0.00243011180980934,0.0762779500450854,-0.00191177222478345,0.0886753427989442,0.00339828040707557,0.00823738950281827,0.0377844830721905,0.00792947779749209,5.59793597769698e-05,0.0180919889306055,0.0674372988000145,-0.00528238385075941,0.00125629529271798,0.0646456142692529,0.0188420422103177,-0.0447710917374131,0.0258421905539716,-0.00660766579904548,0.0170864819044159,-0.0885015742551212,0.0144128314974257,0.0665165651299482
"22",7.4002199116574e-05,0.0342738689253328,0.0137639863928847,7.85167719734581e-05,0.00416221874027478,0.150878822134484,0.061827629965574,0.00109925845249181,0.00412140825760554,-0.00637040274631939,0.0734507079380644,0.0102385844435471,0.0907797605575187,0.0124444701429094,0.000556401359487424,-0.00501713365286127,0.0507526782186676,0.00876896761233681,-0.00216509446127233,-0.0015179782446082,0.00844224636980417,0,0.137852370516383,0.112170512493698,0.00878112212975202,0.000884888665221073,0.14224224446139,0.000272255105494779,0.163584256950887,0.0314053229935185,0.0259715032492367,0.0364077295698273,0.000716012101880992,-0.00220731241522643,0.153770006790848,0.0702072066873152,0.0288256596089864,0.000164402019279475,-0.0214913581219944,0.0605221321607461,-0.00725928027284084,0.0265704728290528,0.0206557049046401,0.0500782349007975,-0.106939514171131,0.00825521760529258,0.0185447409624429
"23",0.000523288490699159,0.0369756929969336,0.0477219240214302,-0.000229467593618526,0.0384721511414838,0.227126235993439,0.0306777280208097,-0.0092434512289965,0.0221887872076092,0.0686145401817546,0.0967794038766345,-0.0114034464746195,0.179803546906842,-0.000267488182886133,0.00139888208592387,-0.010611810729761,0.0465515043342828,0.00756668268437544,-0.00297051916313729,-0.000467392245480092,0.037003769974322,0.137852370516383,0,0.225267680199901,0.0146541528931681,-0.00793734433357729,0.154022877680361,0.00184181467309186,0.137189344198644,0.00706692216303439,0.217858105057704,0.169770374080504,-0.00869879577481747,-0.00224102839211282,0.0865710102572641,0.19967029061727,0.0181240656687578,0.000164460687019474,-0.0107278455053184,0.0296832986468578,0.0596056027259926,-0.00085004497454122,0.0344169562661962,0.021649938099805,0.0251395187094152,-0.000159784474162095,0.0258350214203489
"24",0.00167917589535982,0.0342682662242471,0.0430389686357966,0.000424887470072743,0.0626868030304584,0.299383390438818,-0.0519518644555719,-0.000356238303512058,0.0151751763776313,0.13957320420748,0.00500689304467716,-0.0253715502922898,0.190651149728322,-0.0100532661162243,0.00492565647466492,-0.0175190468601385,0.0622771882396558,-0.00156564582604357,0.000580494197521375,0.000834624070509271,0.0509100595931176,0.112170512493698,0.225267680199901,0,0.00415834889475875,-0.0172121555613702,0.109223073649526,0.00263025354048585,0.188575599086601,-0.0114105219005491,0.381740368085282,0.339334584144367,-0.0159034454561224,-0.000761833708054382,0.0288007205688254,0.170594155585539,-0.00350825977043367,1.94707764018531e-05,0.00822962534850147,0.0650319673266884,-0.0159933891473107,0.00511005133601916,0.0277893415225448,0.0366808139677803,0.220048422417317,-0.0453015189789374,0.0191817445138525
"25",-3.52466912456606e-06,0.000227680766590854,0.000357620364053624,-1.36953516021165e-05,0.00302095346485931,0.00563223913555255,0.00908871836995129,-0.000303942546116875,0.00422994995870862,-0.00845337024527826,0.0115837386602293,0.00314185799061129,0.00387079005725832,0.000973692956436345,0.00130172233320192,-0.000225352863544526,0.00661338859980276,0.00321865626034423,-7.50859194766917e-05,-3.58472486894357e-05,0.00263265193924944,0.00878112212975202,0.0146541528931681,0.00415834889475875,0,9.35083967057437e-05,0.0221046836386045,0.000218207263398273,0.0327811206301556,0.00309584818769437,-0.011271697680173,0.00204316463141563,-0.000190527056808776,-3.86626398323209e-05,0.0358414885826188,0.00689673284335202,0.00309219333130084,2.90030165031041e-05,0.00102157360970523,0.00786546484709705,-0.00866183840386636,-0.00417245993253035,0.000492391340183751,0.00486948091296657,-0.0107169798099003,4.51702884216587e-05,0.0108538908390861
"26",1.35336139841513e-05,-0.00059793687996379,-0.00935797947326877,-1.33529683310485e-07,-0.0114020033132833,-0.0170789870967276,-0.0103810073898876,6.35912725117649e-05,0.00380847587747946,-0.00159971609318443,-0.00199264977124081,5.39822293639247e-05,-0.00882349416802475,0.000583947683320041,0.000222683193154438,0.000425605880082891,-0.000786814557418136,0.00107147291449738,2.44476141411099e-05,-1.14680450855609e-05,0.00243011180980934,0.000884888665221073,-0.00793734433357729,-0.0172121555613702,9.35083967057437e-05,0,-0.0084525802912907,2.78514885128089e-05,-0.00662656491743441,0.000578356494914445,-0.0159980200618657,-0.0185016602033539,0.000202405588488386,4.37540358877442e-06,-0.00412070918423835,-0.00477168530545846,0.000912664487378034,1.35793722373379e-05,0.000111398510442839,0.0015099791132096,-0.00297812770523764,-0.00155037072703923,0.000319131961006747,-9.8336739228877e-05,-0.00107151867049904,0.00113551634137776,-0.000851126064691066
"27",-0.00228094275886859,0.0594134000797166,0.191720598404925,0.000299132476233144,0.239715591470574,0.127101460397437,0.252854565998432,0.0141128594994431,0.0638359457863213,0.100425932328953,0.129012668489696,0.0798165176558445,0.088806822351843,0.0120765259715689,0.0080523185309973,-0.00399606925781182,0.0878946581699251,0.031862410693964,-0.00123378515450057,0.00368869410402883,0.0762779500450854,0.14224224446139,0.154022877680361,0.109223073649526,0.0221046836386045,-0.0084525802912907,0,0.00210119015781407,0.356054799102062,0.0402759452443355,0.0633020619102949,0.0811985072410226,-0.00233112893962906,-0.00194979812157348,0.164959554943477,0.151946964671867,0.0245216062904068,-0.001189338871737,-0.00494582860086767,0.0312388015382528,0.120751361206893,0.0639056365806496,0.0540267587223457,0.0505294727968488,-0.0380092775194218,-0.0378516598639127,0.101509972779308
"28",1.8784882769296e-06,6.92373575286176e-05,0.00317726544741115,8.5998085452843e-07,0.00162990404190921,0.000496200260584168,0.000199488922415725,5.97918292344346e-06,0.000517544807988379,0.00107124461877905,0.00041827348849699,6.45073113991756e-05,0.00277172641767498,8.0821743114079e-05,0.000121945247694377,-5.46240317111923e-06,0.000289779086574349,0.000264734285754464,1.4115383907054e-05,9.91720713550137e-07,-0.00191177222478345,0.000272255105494779,0.00184181467309186,0.00263025354048585,0.000218207263398273,2.78514885128089e-05,0.00210119015781407,0,0.00218360532162087,0.000106988654644979,0.000468982075947366,0.00157929836734905,-2.56748381168848e-05,-5.05432094843883e-07,0.00105605083302152,0.00273942924801496,0.000311156546648483,3.36975285009089e-07,0.000209334323230337,0.00075951401995944,-0.000841395170244841,-0.000393401762908585,0.000452952151258401,0.000447425406271407,0.00183684379657079,-0.000442594477094715,0.000247082766577478
"29",0.000561089896011779,0.0495955709785489,0.139559075980634,-0.000184193549234379,0.27126197752068,0.16125077163383,0.226085317243204,0.00943497168705454,0.0413391151281686,0.0650373871800007,0.127067001726108,0.0201761430370091,0.101221265930034,0.002813385658476,0.0108067233503486,-0.00363445773813709,0.209314101722289,0.00739915055086415,0.00415087552032878,-0.00363696652272516,0.0886753427989442,0.163584256950887,0.137189344198644,0.188575599086601,0.0327811206301556,-0.00662656491743441,0.356054799102062,0.00218360532162087,0,0.0351403571518221,0.0515814403502413,0.0964988012734147,-0.0146544827783073,-0.00433591086893736,0.270713220627068,0.068733016780929,0.0364808745686123,-0.000121290657456363,0.0013818245373276,0.0290380225266231,0.0902998628538301,0.0540814340860623,0.0339411490475081,0.055128076999801,-0.0139827482839712,-0.0279292467082124,0.0543912201517829
"30",-3.85154741247007e-05,0.000578427428360229,-0.00303911806989898,2.39309582017455e-06,-0.00539606264678527,-0.024630674625258,0.0227160614880084,0.000369686897225385,0.00773361302118492,-0.00464317910326573,0.029130204034439,0.0108488204579151,-0.000935727178148493,0.00419227780720632,0.00204098164606581,0.000149877941353793,0.0129196750337721,0.00610773730732017,-0.000154422149083899,5.67309292942575e-05,0.00339828040707557,0.0314053229935185,0.00706692216303439,-0.0114105219005491,0.00309584818769437,0.000578356494914445,0.0402759452443355,0.000106988654644979,0.0351403571518221,0,-0.0374274924070672,-0.00810655449483555,0.00032860214299868,-5.2561704191767e-05,0.0406948590832039,0.000267542281185307,0.0120499828093341,-2.68640117537799e-05,0.00292081257884202,0.00685203480528651,-0.0096180413939484,0.00121857986068852,0.00493353780214623,0.00199579813960415,-0.0093351966224815,0.00290128455568484,0.0086295724306833
"31",0.0022510142746337,0.0334867551569253,-0.00291508347000891,0.000487257122243623,0.0069661027028598,0.331746993000107,-0.0573128970023182,-0.00708795028233622,-0.0318477568419731,0.148520413343168,0.0190485240102025,-0.0543885565422091,0.25218011359283,-0.0287711545349705,-0.0100141254386164,-0.00447520162501736,-0.0409941396576254,0.0218698001752267,-0.00874971771013566,0.00359329557967669,0.00823738950281827,0.0259715032492367,0.217858105057704,0.381740368085282,-0.011271697680173,-0.0159980200618657,0.0633020619102949,0.000468982075947366,0.0515814403502413,-0.0374274924070672,0,0.38986319104428,0.00481553466760065,0.00338088053923968,0.0164309803192668,0.222120367100301,-0.0354927143364208,0.000250581142014816,0.00506537676064189,-0.0054732747620978,0.0230871170364528,0.0135256476162411,-0.0196326811753442,0.0116555291072005,0.247772765657421,-0.0183106589296704,0.024400949551191
"32",0.00159479623267877,0.0326374485671743,-0.0318117534111826,-0.000294796648095286,0.0316712329811089,0.319476566153039,-0.0415172611141488,0.0154710427907632,-0.00951279617885348,0.101963388041605,0.0525883484536918,0.00334918905543358,0.145741851368538,-0.0215597964605623,-0.00263232869697116,-0.00127082480017382,0.0460748464522798,0.0335004082593873,-0.00378839736244174,0.00258344500289454,0.0377844830721905,0.0364077295698273,0.169770374080504,0.339334584144367,0.00204316463141563,-0.0185016602033539,0.0811985072410226,0.00157929836734905,0.0964988012734147,-0.00810655449483555,0.38986319104428,0,-0.0106131097939111,0.00149521632572647,0.081307501646215,0.153676901835322,0.0266078062131454,-0.00018099448937603,0.0347181372713989,-0.0108572509553317,-0.0638400087048634,-0.0118775795582664,0.00668949985054113,0.00255896941026057,0.198136395026838,-0.0364493603492191,0.0153065584244172
"33",-1.48313323369287e-05,0.00266314083269403,-0.0010821914792678,3.80871417831052e-05,0.00263927439029699,0.00947402037000344,0.0185898483514895,0.000231008597525673,0.00987077764310262,-0.00338111576641342,0.000318092404571146,0.000919276735004804,-0.00253064777300116,4.55794386460262e-05,-4.20080603529271e-05,0.000140570233149617,0.00933000184215826,-0.000892961261645731,-0.000120425925760781,0.000171006362012172,0.00792947779749209,0.000716012101880992,-0.00869879577481747,-0.0159034454561224,-0.000190527056808776,0.000202405588488386,-0.00233112893962906,-2.56748381168848e-05,-0.0146544827783073,0.00032860214299868,0.00481553466760065,-0.0106131097939111,0,6.48166575158982e-05,-0.00766904229839627,0.00160036419413867,-0.000355439956097214,8.22827889956912e-06,0.00175934738981098,0.00209367122225856,-0.00280246852615118,0.00406846407773331,-0.000240671338851417,0.00101738425692854,-0.0155873663141275,0.000410955980655991,0.00141823681833664
"34",2.84925824800553e-06,-0.000140817976057139,-3.24788032721735e-05,1.64325704243851e-06,-0.000311568729043366,-0.00181284985544217,0.000443613948187593,1.88789119897059e-05,0.000514772504419003,-8.45682713004337e-05,-0.0018331452191398,-7.33072359215825e-05,0.00112863077888026,2.50888267254723e-05,-1.01858393479759e-05,3.6744960707491e-05,-0.000454991914811131,2.5877343446723e-05,1.32068193021695e-05,3.42019007515404e-06,5.59793597769698e-05,-0.00220731241522643,-0.00224102839211282,-0.000761833708054382,-3.86626398323209e-05,4.37540358877442e-06,-0.00194979812157348,-5.05432094843883e-07,-0.00433591086893736,-5.2561704191767e-05,0.00338088053923968,0.00149521632572647,6.48166575158982e-05,0,-0.00416331675872561,-0.000176963245697159,-6.832512170174e-05,9.28650444542711e-07,0.000652652085133099,-0.000498417945497209,0.00149025615630993,0.000233143181974871,-0.000175217178606246,-0.000188398453757621,0.00563684420769617,0.000523693869997288,-9.61809734150165e-05
"35",-0.00152229956618211,0.0395427536021722,-0.0275870643155138,-0.00171601803886245,0.129321876804913,0.113513718538262,0.158437929962428,-0.00682006628540321,0.0178310557852601,-0.0287733991756545,0.159971064146921,0.0595540971898805,0.0121872403464227,0.0117119970356709,0.00437774686217107,-0.0056241517455482,-0.00171635003489801,0.00656619813803916,-0.00547298930786777,-0.00283211983659548,0.0180919889306055,0.153770006790848,0.0865710102572641,0.0288007205688254,0.0358414885826188,-0.00412070918423835,0.164959554943477,0.00105605083302152,0.270713220627068,0.0406948590832039,0.0164309803192668,0.081307501646215,-0.00766904229839627,-0.00416331675872561,0,0.0351053345699666,0.0358198177267011,0.000154953427939475,-0.0202426157442992,0.0109425518360422,0.114844115809778,0.0250920496962959,0.01370322367673,0.040435926814419,-0.126802809215043,0.0105188976513633,0.0812063702919117
"36",-0.000552636899086689,0.047037805856756,0.0924636293707981,0.000213349276179109,0.145456562041693,0.236973700822894,0.0328314295622416,-0.00348507184431268,0.0190153019282571,0.1991972041716,0.0703658915396863,-0.0111148843959619,0.184485912737687,0.00242813641940609,0.0124945698451975,-3.89723151750232e-05,0.0519338879997733,0.00489663339924995,-0.00171040049461002,0.00290576993094938,0.0674372988000145,0.0702072066873152,0.19967029061727,0.170594155585539,0.00689673284335202,-0.00477168530545846,0.151946964671867,0.00273942924801496,0.068733016780929,0.000267542281185307,0.222120367100301,0.153676901835322,0.00160036419413867,-0.000176963245697159,0.0351053345699666,0,0.0300549426044121,-0.000289240285787695,0.0148088703003553,0.0486787257773864,0.0925902434370336,-0.0232522635137675,0.0418924404091867,0.0350698380850871,0.0718583841692766,-0.060228460349296,0.0211663508728157
"37",-4.09899852207296e-05,0.000793151649721047,0.0160217341022748,1.73042847317895e-05,0.0095372846269961,-0.0125164951241343,-0.00295729200438499,0.00204295813162769,0.010783227347765,0.0153527456284439,0.027437439748605,0.00656537944785418,0.0035542392856085,0.00609280704556125,0.0040680651967131,8.55378820334707e-05,-0.00841121317702731,0.00568038873005339,4.07740908636711e-06,9.44721674942528e-05,-0.00528238385075941,0.0288256596089864,0.0181240656687578,-0.00350825977043367,0.00309219333130084,0.000912664487378034,0.0245216062904068,0.000311156546648483,0.0364808745686123,0.0120499828093341,-0.0354927143364208,0.0266078062131454,-0.000355439956097214,-6.832512170174e-05,0.0358198177267011,0.0300549426044121,0,-6.05744287196508e-05,0.00683921982844282,0.0151425549806996,-0.0115938646513229,-0.0139687497495951,0.0134683907250124,0.00547814077988473,-0.0272986668155619,-0.00222271849750966,0.00409857923259782
"38",1.99829400493456e-06,0.00019437515041254,0.000508056055015693,9.30198936544002e-07,0.000209271172985304,0.00157858390340371,0.000309620647942932,4.4659088693777e-06,9.72894876394292e-05,-0.00087194741120733,-0.00110081936445416,-0.000136641120684899,0.000134083219893721,2.25088071381663e-06,3.10379780810166e-06,4.10252538074474e-06,0.00202173827482799,-0.000187944506136795,1.47316677416853e-05,1.84062542540886e-07,0.00125629529271798,0.000164402019279475,0.000164460687019474,1.94707764018531e-05,2.90030165031041e-05,1.35793722373379e-05,-0.001189338871737,3.36975285009089e-07,-0.000121290657456363,-2.68640117537799e-05,0.000250581142014816,-0.00018099448937603,8.22827889956912e-06,9.28650444542711e-07,0.000154953427939475,-0.000289240285787695,-6.05744287196508e-05,0,0.000101131617637584,0.00133650049932221,0.000384298808624894,2.3639055297231e-05,-0.000135422371276839,6.16132510078415e-05,-0.000769259676340006,0.000496449650670083,-0.000141295886862736
"39",0.00013292044986013,0.00780395864438876,-0.00741398125874149,0.000128208666656526,0.00582017899384901,0.00720726363942381,0.00478813103258435,0.00330794921945099,0.00135769747111869,0.0221480741055506,0.00299708459797987,0.00172528857059806,0.00436005107137483,0.00252440979667501,0.00319335639936336,0.000388028096672599,0.0261935784905289,0.0050102626434545,0.000111011320448107,0.0020337282911651,0.0646456142692529,-0.0214913581219944,-0.0107278455053184,0.00822962534850147,0.00102157360970523,0.000111398510442839,-0.00494582860086767,0.000209334323230337,0.0013818245373276,0.00292081257884202,0.00506537676064189,0.0347181372713989,0.00175934738981098,0.000652652085133099,-0.0202426157442992,0.0148088703003553,0.00683921982844282,0.000101131617637584,0,0.015227616429804,-0.00964102991720051,-0.0104718969787547,0.0025186973114355,-0.000924084685754334,0.0216835032930431,0.00847144395125943,0.00977106991251864
"40",-0.00044442188778282,0.0287461718159281,0.00714734100498404,-0.000325429613430295,0.021396054288656,0.0192044024289668,-0.0116871309347086,0.00451341542613548,0.0594034628732589,0.00873442678271763,0.0021718198816516,-0.0222174326101676,-0.0421281536475373,0.00715619124677014,0.00933600459352624,-2.41226896324775e-05,0.0309409075182101,-0.0193890857257881,0.00436588800298443,-0.000381137518644437,0.0188420422103177,0.0605221321607461,0.0296832986468578,0.0650319673266884,0.00786546484709705,0.0015099791132096,0.0312388015382528,0.00075951401995944,0.0290380225266231,0.00685203480528651,-0.0054732747620978,-0.0108572509553317,0.00209367122225856,-0.000498417945497209,0.0109425518360422,0.0486787257773864,0.0151425549806996,0.00133650049932221,0.015227616429804,0,0.0373590943154469,0.0246918881429599,0.0228739126434312,0.021018730586686,-0.0224853894409254,0.0155722427324352,0.00210883340971213
"41",-0.00050978626618603,0.0331492090377399,0.0132811421074983,-0.000333145778101507,0.221049102349005,0.0736427231170644,0.151491513519973,0.00164883299866947,0.0528758567370553,0.0424688308521306,0.022581300710125,-0.024409186745411,0.0774912594306225,-0.00724723239546865,0.000391119194225631,-0.00370577003579253,0.00700386179892787,-0.0452478904090716,0.00920546646753895,0.00202225462116834,-0.0447710917374131,-0.00725928027284084,0.0596056027259926,-0.0159933891473107,-0.00866183840386636,-0.00297812770523764,0.120751361206893,-0.000841395170244841,0.0902998628538301,-0.0096180413939484,0.0230871170364528,-0.0638400087048634,-0.00280246852615118,0.00149025615630993,0.114844115809778,0.0925902434370336,-0.0115938646513229,0.000384298808624894,-0.00964102991720051,0.0373590943154469,0,0.0622475206218507,0.0119049196510965,-0.0075074432633313,-0.0473774878641953,0.019440724550952,-0.0204016532031872
"42",-0.000181938396062176,0.000341938460814095,-0.0180804600484499,0.000222971660288618,0.0811119164174552,0.0710533035383034,0.112751949308351,-0.000613088573911291,0.0291309756588993,0.0186214887422955,0.0201109734233937,0.00618901576996844,-0.0355712717348626,0.000190756036517303,-0.00208573256457401,-0.00216250143033303,0.012138725128835,-0.00204316093657653,0.000884839313985974,0.00243505662871435,0.0258421905539716,0.0265704728290528,-0.00085004497454122,0.00511005133601916,-0.00417245993253035,-0.00155037072703923,0.0639056365806496,-0.000393401762908585,0.0540814340860623,0.00121857986068852,0.0135256476162411,-0.0118775795582664,0.00406846407773331,0.000233143181974871,0.0250920496962959,-0.0232522635137675,-0.0139687497495951,2.3639055297231e-05,-0.0104718969787547,0.0246918881429599,0.0622475206218507,0,0.00534661639063305,-0.00751972629507192,0.00721424004985671,0.0127621992800098,0.00375976076014739
"43",-0.000129716989754947,0.0108218347181763,0.0267748681522835,0.000222832573395948,-0.00701237258818388,-0.00238504095381842,0.00071856036794582,0.00540363640881747,0.0405114579952368,0.0335530816609677,0.0318796689683523,0.00864843285728245,0.0109568157991089,0.00426951875237691,0.0019726994146767,-0.000316798190752365,0.0141629065018414,0.00777679757994054,0.000955511334905346,0.000836751756074339,-0.00660766579904548,0.0206557049046401,0.0344169562661962,0.0277893415225448,0.000492391340183751,0.000319131961006747,0.0540267587223457,0.000452952151258401,0.0339411490475081,0.00493353780214623,-0.0196326811753442,0.00668949985054113,-0.000240671338851417,-0.000175217178606246,0.01370322367673,0.0418924404091867,0.0134683907250124,-0.000135422371276839,0.0025186973114355,0.0228739126434312,0.0119049196510965,0.00534661639063305,0,0.0188287117354138,0.0103441455288644,-0.00981920030402561,0.0123876895297741
"44",-0.000136048979564762,0.011636964016569,0.0139116480276051,0.000175169253139984,0.0254260144098986,0.0526431506143639,0.0232106841919375,0.00212957387413937,0.024553985355749,0.0134743685446197,0.0284426764473062,0.00511074722682459,0.00260243218028577,0.00231158948938859,0.00106916820548042,-0.000484623445051291,0.00127988964756787,-0.00137854434428908,9.63605816872715e-05,2.54439628593062e-05,0.0170864819044159,0.0500782349007975,0.021649938099805,0.0366808139677803,0.00486948091296657,-9.8336739228877e-05,0.0505294727968488,0.000447425406271407,0.055128076999801,0.00199579813960415,0.0116555291072005,0.00255896941026057,0.00101738425692854,-0.000188398453757621,0.040435926814419,0.0350698380850871,0.00547814077988473,6.16132510078415e-05,-0.000924084685754334,0.021018730586686,-0.0075074432633313,-0.00751972629507192,0.0188287117354138,0,-0.0207625224831545,-0.00636697196868008,0.0191318631612627
"45",0.00167615991721926,-0.019585935636889,-0.0359622935851371,-0.00134640846304368,-0.0733512531946001,0.105809038196996,-0.0991830940629361,-0.0129056169192583,-0.0478474279849523,0.0822289576224988,-0.0828494610762252,-0.0571126341361579,0.0617199192099438,0.00316744065835017,0.00429029937009684,0.0223287743651808,-0.0156137690795344,0.0463484300421295,0.00434900167450625,-4.46949938632812e-05,-0.0885015742551212,-0.106939514171131,0.0251395187094152,0.220048422417317,-0.0107169798099003,-0.00107151867049904,-0.0380092775194218,0.00183684379657079,-0.0139827482839712,-0.0093351966224815,0.247772765657421,0.198136395026838,-0.0155873663141275,0.00563684420769617,-0.126802809215043,0.0718583841692766,-0.0272986668155619,-0.000769259676340006,0.0216835032930431,-0.0224853894409254,-0.0473774878641953,0.00721424004985671,0.0103441455288644,-0.0207625224831545,0,-0.000419990372465762,-0.0555571476944685
"46",0.000451752669119454,0.00266985281842391,-0.0740861260499011,-0.00015470126146111,-0.00682284645710007,-0.0174781609882855,-0.0169178165260266,-0.00136370442772282,-0.0174959344362797,-0.0376767963482725,-0.035063370239965,-0.00237529398332725,-0.0412404760724798,0.000789368929920986,-0.00241641544215998,0.00352935649089314,-0.00890796545888017,-0.000774209556211325,0.000903832646188985,0.000270750507083584,0.0144128314974257,0.00825521760529258,-0.000159784474162095,-0.0453015189789374,4.51702884216587e-05,0.00113551634137776,-0.0378516598639127,-0.000442594477094715,-0.0279292467082124,0.00290128455568484,-0.0183106589296704,-0.0364493603492191,0.000410955980655991,0.000523693869997288,0.0105188976513633,-0.060228460349296,-0.00222271849750966,0.000496449650670083,0.00847144395125943,0.0155722427324352,0.019440724550952,0.0127621992800098,-0.00981920030402561,-0.00636697196868008,-0.000419990372465762,0,-0.00642562732523855
"47",-0.000299749816013772,0.00931885133202037,-0.0131475361652456,8.03083810092531e-05,0.0166077946894525,0.0255052204437005,0.0639548965363428,0.00302491937282223,0.0447553727259828,0.00953166436444741,0.0659019398278717,0.0283142801201426,-0.0212324749317938,0.00240525967101846,0.00145567738279473,-0.00122254873077043,0.0193996412308581,0.00961573668453308,-0.000591717456145169,0.000736785363498527,0.0665165651299482,0.0185447409624429,0.0258350214203489,0.0191817445138525,0.0108538908390861,-0.000851126064691066,0.101509972779308,0.000247082766577478,0.0543912201517829,0.0086295724306833,0.024400949551191,0.0153065584244172,0.00141823681833664,-9.61809734150165e-05,0.0812063702919117,0.0211663508728157,0.00409857923259782,-0.000141295886862736,0.00977106991251864,0.00210883340971213,-0.0204016532031872,0.00375976076014739,0.0123876895297741,0.0191318631612627,-0.0555571476944685,-0.00642562732523855,0
